{
	"name": "diceposting",
	"title": "_Rob's Diceposting (DSN)",
	"description": "Stupid sexy dice presets ",
	"version": "0.6.24",
	"minimumCoreVersion" : "0.7.2",
	"compatibleCoreVersion" : "0.7.9",
	"author": "Swordenkainen",
	"dependencies": [
		{
			"type": "module",
			"name": "dice-so-nice"
		}
	],
	"scripts": [
		"diceposting.js"
	],
	"url": "https://github.com/robswor/natenqgeo",
	"manifest": "https://raw.githubusercontent.com/robswor/natenqgeo/master/module.json",
	"download": "https://github.com/robswor/natenqgeo/raw/master/diceposting.zip"
}