{
	"name": "natenqgeo",
	"title": "DsN - National Geographic/Enquirer D20",
	"description": "Adds a dice preset for that juicy NATIONAL GEOGRAPHIC!! roll ",
	"version": "0.6.16",
	"minimumCoreVersion" : "0.7.2",
	"compatibleCoreVersion" : "0.7.9",
	"author": "Swordenkainen",
	"dependencies": [
		{
			"type": "module",
			"name": "dice-so-nice"
		}
	],
	"scripts": [
		"natenqgeo.js"
	],
	"url": "https://github.com/robswor/natenqgeo",
	"manifest": "https://raw.githubusercontent.com/robswor/natenqgeo/master/module.json",
	"download": "https://github.com/robswor/natenqgeo/raw/master/natenqgeo.zip"
}